{"inputUnits":[63],"outputUnits":3,"inputs":{"0":{"dtype":"number","min":0.2749868631362915,"max":0.9125701785087585},"1":{"dtype":"number","min":0.5929229855537415,"max":1.0194991827011108},"2":{"dtype":"number","min":-5.77257310396817e-7,"max":0.0000010473285101397778},"3":{"dtype":"number","min":0.2493080496788025,"max":0.9520418047904968},"4":{"dtype":"number","min":0.5565357208251953,"max":0.9592559337615967},"5":{"dtype":"number","min":-0.06292269378900528,"max":0.051038917154073715},"6":{"dtype":"number","min":0.2054937481880188,"max":0.934440553188324},"7":{"dtype":"number","min":0.4458922743797302,"max":0.8654496669769287},"8":{"dtype":"number","min":-0.0811104029417038,"max":0.07477231323719025},"9":{"dtype":"number","min":0.176216721534729,"max":0.8891682028770447},"10":{"dtype":"number","min":0.35182908177375793,"max":0.7993448376655579},"11":{"dtype":"number","min":-0.0905243307352066,"max":0.09299616515636444},"12":{"dtype":"number","min":0.18505308032035828,"max":0.8739016652107239},"13":{"dtype":"number","min":0.3235229253768921,"max":0.7627572417259216},"14":{"dtype":"number","min":-0.1167178601026535,"max":0.11960499733686447},"15":{"dtype":"number","min":0.22002798318862915,"max":0.9141859412193298},"16":{"dtype":"number","min":0.36115920543670654,"max":0.7130537629127502},"17":{"dtype":"number","min":-0.05562795698642731,"max":0.04101761803030968},"18":{"dtype":"number","min":0.2180815190076828,"max":0.9071190357208252},"19":{"dtype":"number","min":0.26061365008354187,"max":0.6108278036117554},"20":{"dtype":"number","min":-0.06469251215457916,"max":0.046297114342451096},"21":{"dtype":"number","min":0.20821858942508698,"max":0.9000216722488403},"22":{"dtype":"number","min":0.18707874417304993,"max":0.5466490387916565},"23":{"dtype":"number","min":-0.08577971160411835,"max":0.04662707820534706},"24":{"dtype":"number","min":0.19824744760990143,"max":0.8921578526496887},"25":{"dtype":"number","min":0.1040092408657074,"max":0.4891868829727173},"26":{"dtype":"number","min":-0.10536068677902222,"max":0.05809233337640762},"27":{"dtype":"number","min":0.16320182383060455,"max":0.8889861702919006},"28":{"dtype":"number","min":0.3407238721847534,"max":0.699194073677063},"29":{"dtype":"number","min":-0.043868906795978546,"max":0.02439228445291519},"30":{"dtype":"number","min":0.20539911091327667,"max":0.8705148696899414},"31":{"dtype":"number","min":0.22349323332309723,"max":0.5995886325836182},"32":{"dtype":"number","min":-0.09023278951644897,"max":0.033002786338329315},"33":{"dtype":"number","min":0.22333833575248718,"max":0.8515434265136719},"34":{"dtype":"number","min":0.1509893387556076,"max":0.6967289447784424},"35":{"dtype":"number","min":-0.10002383589744568,"max":0.04233751818537712},"36":{"dtype":"number","min":0.19849137961864471,"max":0.8556182980537415},"37":{"dtype":"number","min":0.09218958020210266,"max":0.7242812514305115},"38":{"dtype":"number","min":-0.1130424439907074,"max":0.051130231469869614},"39":{"dtype":"number","min":0.1373155266046524,"max":0.9556465744972229},"40":{"dtype":"number","min":0.3448391556739807,"max":0.7130651473999023},"41":{"dtype":"number","min":-0.05309455841779709,"max":0.024605555459856987},"42":{"dtype":"number","min":0.1812877357006073,"max":0.9366438984870911},"43":{"dtype":"number","min":0.23357009887695312,"max":0.6622090339660645},"44":{"dtype":"number","min":-0.10890814661979675,"max":0.04792552441358566},"45":{"dtype":"number","min":0.20934544503688812,"max":0.9053505063056946},"46":{"dtype":"number","min":0.1620972454547882,"max":0.734887957572937},"47":{"dtype":"number","min":-0.13992862403392792,"max":0.05695453658699989},"48":{"dtype":"number","min":0.21464642882347107,"max":0.9112811088562012},"49":{"dtype":"number","min":0.10612526535987854,"max":0.7537657022476196},"50":{"dtype":"number","min":-0.1741200089454651,"max":0.0636216551065445},"51":{"dtype":"number","min":0.12455646693706512,"max":1.0215542316436768},"52":{"dtype":"number","min":0.36670583486557007,"max":0.7600158452987671},"53":{"dtype":"number","min":-0.07886985689401627,"max":0.05190188065171242},"54":{"dtype":"number","min":0.16149140894412994,"max":0.9970797896385193},"55":{"dtype":"number","min":0.28506770730018616,"max":0.7153709530830383},"56":{"dtype":"number","min":-0.11131028085947037,"max":0.07898891717195511},"57":{"dtype":"number","min":0.18458645045757294,"max":0.9660440683364868},"58":{"dtype":"number","min":0.29943448305130005,"max":0.7599956393241882},"59":{"dtype":"number","min":-0.1290084719657898,"max":0.0961427390575409},"60":{"dtype":"number","min":0.19402599334716797,"max":0.9622077941894531},"61":{"dtype":"number","min":0.337483286857605,"max":0.7734342217445374},"62":{"dtype":"number","min":-0.1422632932662964,"max":0.11288723349571228}},"outputs":{"label":{"dtype":"string","min":0,"max":1,"uniqueValues":["1","2","3"],"legend":{"1":[1,0,0],"2":[0,1,0],"3":[0,0,1]}}},"isNormalized":true}